{"total_revenue": 173021955.56304958, "revenue_per_region": {"United States": 35094075.166027166, "Canada": 18211423.350004137, "United Kingdom": 33370580.37602406, "France": 16720249.225002239, "Russia": 7901291.237999, "India": 18079267.8680034, "Italy": 9583918.861999268, "Japan": 8119241.218998876, "Germany": 16608547.569003038, "China": 9333360.690999394}, "file_name": "2017"}