{"total_revenue": 171973449.57599473, "revenue_per_region": {"United Kingdom": 33464076.384024657, "United States": 33657854.3840243, "France": 17372148.447003946, "Italy": 8606622.667998992, "Canada": 18370142.325004186, "Russia": 7418167.163999005, "Japan": 9154107.00899952, "India": 17115590.183002952, "Germany": 17398143.43000348, "China": 9416597.582999611}, "file_name": "2018"}