{"total_revenue": 213735668.72768703, "revenue_per_region": {"France": 20725992.040007524, "United States": 41023020.43804899, "United Kingdom": 43590660.30405452, "Japan": 10615353.76799987, "Russia": 10054135.388999932, "Italy": 11391133.778000139, "India": 22577568.946008038, "China": 11764768.598000493, "Germany": 20896865.77500735, "Canada": 21096169.694008198}, "file_name": "2019"}