{"total_revenue": 197074750.31318656, "revenue_per_region": {"United States": 39108192.84504491, "Japan": 9931742.365999788, "United Kingdom": 40909985.16104794, "Germany": 19417440.778004583, "Italy": 8828542.225999223, "France": 19571889.917006116, "Russia": 9881569.537999662, "Canada": 20398447.960007098, "China": 10343789.98899968, "India": 18683149.535006154}, "file_name": "2021"}