{"total_revenue": 2182296.6069997083, "revenue_per_region": {"Italy": 138269.71300000025, "Russia": 45781.22699999985, "Canada": 207364.0540000017, "China": 169964.3000000024, "United States": 419037.2130000155, "United Kingdom": 630323.3500000136, "France": 174285.64300000158, "India": 97026.50399999924, "Germany": 228622.34300000183, "Japan": 71622.25999999979}, "file_name": "2016"}