{"total_revenue": 100931381.07118523, "revenue_per_region": {"France": 10821917.702999845, "United States": 19544693.987006437, "India": 11385823.102000473, "United Kingdom": 19561125.689006593, "China": 4241453.353999515, "Germany": 10019275.984999716, "Canada": 9643632.14199938, "Italy": 5224995.464999401, "Japan": 5169131.2469995115, "Russia": 5319332.396999381}, "file_name": "2015"}