{"total_revenue": 140872063.71099207, "revenue_per_region": {"United States": 28878611.927016366, "Japan": 6730856.038999201, "United Kingdom": 27723540.685016982, "Germany": 14399805.717001403, "India": 14213975.446001919, "Russia": 7086834.442999175, "Italy": 6520424.107999279, "France": 14043001.83000129, "China": 6984468.610999271, "Canada": 14290544.905001339}, "file_name": "2016"}