{"total_revenue": 231800841.30282244, "revenue_per_region": {"Germany": 24582798.168012362, "United Kingdom": 45250826.50606929, "Japan": 11202425.29200047, "France": 23329594.763009474, "United States": 46250507.77707123, "India": 23077513.26701007, "Canada": 24512365.091013562, "Italy": 11746086.04800023, "Russia": 10673433.525000062, "China": 11175290.869000316}, "file_name": "2020"}