{"total_revenue": 20683752.245006856, "revenue_per_region": {"France": 2213872.25099984, "United States": 4587792.418999568, "India": 1692228.4509998492, "United Kingdom": 4410572.275999487, "China": 912288.7940000148, "Germany": 1999029.29799976, "Canada": 1720669.3119998106, "Italy": 1104617.0450000083, "Japan": 1271368.1439999626, "Russia": 771314.2550000184}, "file_name": "2015"}