{"total_revenue": 25794864.446012557, "revenue_per_region": {"Japan": 1034672.789000022, "United Kingdom": 4776331.210999374, "India": 2932698.7469997033, "Russia": 970677.1660000177, "United States": 4870163.498999412, "China": 1168827.041999968, "France": 3231301.604999736, "Canada": 3215834.434999677, "Italy": 1199487.9649999717, "Germany": 2394869.986999758}, "file_name": "2018"}