{"total_revenue": 27107319.3390144, "revenue_per_region": {"France": 2535157.0559996557, "United Kingdom": 4424132.575999426, "India": 3624634.6119997203, "Germany": 2848404.7829997884, "Canada": 2879379.9679997955, "United States": 5577271.419999438, "Italy": 1592184.1069999326, "Russia": 1236648.2049999924, "Japan": 1198290.6899999862, "China": 1191215.9219999942}, "file_name": "2019"}