{"total_revenue": 30632098.147018768, "revenue_per_region": {"Germany": 2924483.5549997054, "Russia": 1889921.1439998662, "Canada": 2937296.482999638, "Japan": 1180093.9799999362, "India": 3393234.4819997484, "United States": 5957025.264999308, "France": 3100878.9539996916, "China": 1281165.1119999196, "United Kingdom": 6572913.870999353, "Italy": 1395085.300999937}, "file_name": "2020"}