{"total_revenue": 32129929.249021284, "revenue_per_region": {"Canada": 2943467.6809996557, "France": 3021698.644999693, "Russia": 1669306.814999858, "United States": 7235584.156999284, "United Kingdom": 6291208.579999231, "Germany": 3315388.514999742, "India": 2687368.879999595, "China": 1593763.9499998556, "Japan": 1845019.2199998794, "Italy": 1527122.8059998392}, "file_name": "2021"}