{"total_revenue": 2081475.1079997467, "revenue_per_region": {"Japan": 195540.3990000015, "Canada": 130638.25999999946, "United States": 456055.5290000164, "France": 237453.06700000254, "China": 265652.0400000029, "United Kingdom": 332955.9580000077, "India": 112640.22499999957, "Germany": 184073.31300000224, "Russia": 109440.61199999988, "Italy": 57025.70499999982}, "file_name": "2017"}