{"total_revenue": 21493218.592010424, "revenue_per_region": {"United States": 4164827.340999495, "Russia": 1405660.7439999117, "India": 3028944.8689997136, "Germany": 2084205.5269997416, "Canada": 1780180.9119997968, "United Kingdom": 3769396.4939995743, "Italy": 1099926.5199999951, "Japan": 1317509.5339999532, "France": 1933632.3699996993, "China": 908934.2810000108}, "file_name": "2016"}