{"total_revenue": 23002779.914011206, "revenue_per_region": {"Germany": 2633476.7979996996, "United Kingdom": 5213956.638999465, "France": 2410945.233999692, "Canada": 2136025.6739996527, "Japan": 1023804.7930000178, "Italy": 1241114.6089999503, "United States": 3689681.4339994844, "India": 2179157.235999732, "Russia": 1623720.5679999501, "China": 850896.929000018}, "file_name": "2017"}