{"total_revenue": 2855131.3329997472, "revenue_per_region": {"United Kingdom": 441788.1390000169, "Russia": 87113.61999999965, "United States": 440614.4000000158, "Japan": 417741.0010000028, "Germany": 253318.01300000332, "India": 287511.7260000068, "Canada": 287601.0460000032, "Italy": 392247.32000000175, "China": 58386.56099999999, "France": 188809.5070000001}, "file_name": "2018"}