{"total_revenue": 2703978.2939997506, "revenue_per_region": {"Russia": 128354.35799999995, "United States": 698517.7070000046, "France": 163828.34700000272, "United Kingdom": 713101.2420000108, "Japan": 104515.45399999959, "Canada": 175110.00200000269, "India": 219366.78700000426, "Italy": 100696.18999999945, "Germany": 344793.15700000414, "China": 55695.04999999969}, "file_name": "2019"}