{"total_revenue": 3445476.4739997345, "revenue_per_region": {"India": 285563.4710000039, "United States": 805066.9390000126, "Russia": 151627.47000000102, "United Kingdom": 857583.2950000089, "Canada": 256482.2130000059, "Japan": 143328.8380000012, "Germany": 237569.27600000473, "China": 74452.31599999977, "France": 514502.14100000897, "Italy": 119300.51499999993}, "file_name": "2020"}