{"total_revenue": 3061993.281999771, "revenue_per_region": {"United States": 537472.2310000153, "Germany": 310207.3060000097, "United Kingdom": 452913.5850000163, "France": 573300.703000005, "Italy": 118157.19199999984, "Canada": 224466.37800000276, "India": 372652.3250000077, "China": 178841.42299999972, "Japan": 160583.25300000157, "Russia": 133398.88599999968}, "file_name": "2021"}