{"total_revenue": 2265514.6759997993, "revenue_per_region": {"France": 119369.79100000022, "United States": 583203.0990000105, "India": 201626.9990000025, "United Kingdom": 685182.7670000093, "China": 51774.16399999985, "Germany": 204774.97300000163, "Canada": 247533.6530000024, "Italy": 67568.26399999991, "Japan": 44309.01699999988, "Russia": 60171.94899999968}, "file_name": "2015"}