{"total_revenue": 1379864.3559998856, "revenue_per_region": {"Italy": 30041.683, "Russia": 28289.996999999967, "Canada": 58433.64599999987, "China": 147472.95000000094, "United States": 260913.60300000728, "United Kingdom": 491538.6470000096, "France": 129658.77299999961, "India": 60759.74399999965, "Germany": 129512.7729999996, "Japan": 43242.53999999992}, "file_name": "2016"}